{"$schema":"http://schema.management.azure.com/schemas/2015-01-01/deploymentTemplate.json#","contentVersion":"1.0.0.0","parameters":{"factoryName":{"type":"string","metadata":"Data Factory name"},"CosmosDbMongoDbApi1":{"type":"string"},"ADLSGen2":{"type":"string"}},"variables":{"factoryId":"[concat('Microsoft.DataFactory/factories/', parameters('factoryName'))]"},"resources":[{"name":"[concat(parameters('factoryName'), '/EverestMongoCosmosDBbkp')]","type":"Microsoft.DataFactory/factories/pipelines","apiVersion":"2018-06-01","properties":{"activities":[{"name":"CosmosmongotoStorage","description":"If  need a filter:\n\n{\"Timestamp\":{$gt: ISODate(\"@{adddays(utcnow(),-5)}\")}}","type":"Copy","dependsOn":[],"policy":{"timeout":"7.00:00:00","retry":0,"retryIntervalInSeconds":30,"secureOutput":false,"secureInput":false},"userProperties":[],"typeProperties":{"source":{"type":"CosmosDbMongoDbApiSource","batchSize":100,"filter":""},"sink":{"type":"JsonSink","storeSettings":{"type":"AzureBlobFSWriteSettings"},"formatSettings":{"type":"JsonWriteSettings","quoteAllText":true}},"enableStaging":false},"inputs":[{"referenceName":"CosmosDbMongoDbApiCollection1","type":"DatasetReference","parameters":{}}],"outputs":[{"referenceName":"mongoJson","type":"DatasetReference","parameters":{}}]}],"annotations":[]},"dependsOn":["[concat(variables('factoryId'), '/datasets/CosmosDbMongoDbApiCollection1')]","[concat(variables('factoryId'), '/datasets/mongoJson')]"]},{"name":"[concat(parameters('factoryName'), '/CosmosDbMongoDbApiCollection1')]","type":"Microsoft.DataFactory/factories/datasets","apiVersion":"2018-06-01","properties":{"linkedServiceName":{"referenceName":"[parameters('CosmosDbMongoDbApi1')]","type":"LinkedServiceReference"},"annotations":[],"type":"CosmosDbMongoDbApiCollection","schema":[],"typeProperties":{"collection":"mycollection"}},"dependsOn":[]},{"name":"[concat(parameters('factoryName'), '/mongoJson')]","type":"Microsoft.DataFactory/factories/datasets","apiVersion":"2018-06-01","properties":{"linkedServiceName":{"referenceName":"[parameters('ADLSGen2')]","type":"LinkedServiceReference"},"annotations":[],"type":"Json","typeProperties":{"location":{"type":"AzureBlobFSLocation","folderPath":"mongo","fileSystem":"cosmosbkp"}},"schema":{"type":"object","properties":{"isActive":{"type":"boolean"},"balance":{"type":"string"},"name":{"type":"string"},"company":{"type":"string"},"email":{"type":"string"},"phone":{"type":"string"},"source":{"type":"string"},"address":{"type":"string"},"registered":{"type":"string"},"id":{"type":"string"},"_rid":{"type":"string"},"_self":{"type":"string"},"_etag":{"type":"string"},"_attachments":{"type":"string"},"_ts":{"type":"integer"}}}},"dependsOn":[]}]}