{"$schema":"http://schema.management.azure.com/schemas/2015-01-01/deploymentTemplate.json#","contentVersion":"1.0.0.0","parameters":{"factoryName":{"type":"string","metadata":"Data Factory name"},"ADLSGen2":{"type":"string"},"comsos":{"type":"string"}},"variables":{"factoryId":"[concat('Microsoft.DataFactory/factories/', parameters('factoryName'))]"},"resources":[{"name":"[concat(parameters('factoryName'), '/Everest_cosmosdbBackup_LoopContainer')]","type":"Microsoft.DataFactory/factories/pipelines","apiVersion":"2018-06-01","properties":{"activities":[{"name":"GetContainerList","type":"Lookup","dependsOn":[],"policy":{"timeout":"7.00:00:00","retry":0,"retryIntervalInSeconds":30,"secureOutput":false,"secureInput":false},"userProperties":[],"typeProperties":{"source":{"type":"DelimitedTextSource","storeSettings":{"type":"AzureBlobFSReadSettings","recursive":true},"formatSettings":{"type":"DelimitedTextReadSettings"}},"dataset":{"referenceName":"Cosmoscontainerlist","type":"DatasetReference","parameters":{}},"firstRowOnly":false}},{"name":"Loop throughContainer","description":"Get the container list from Metadata activity and then iterates each of them to Copy activity.","type":"ForEach","dependsOn":[{"activity":"GetContainerList","dependencyConditions":["Succeeded"]}],"userProperties":[],"typeProperties":{"items":{"value":"@activity('GetContainerList').output.value","type":"Expression"},"batchCount":4,"activities":[{"name":"CosmoDBbackup_Full_copy1","type":"Copy","dependsOn":[],"policy":{"timeout":"7.00:00:00","retry":0,"retryIntervalInSeconds":30,"secureOutput":false,"secureInput":false},"userProperties":[],"typeProperties":{"source":{"type":"CosmosDbSqlApiSource","query":{"value":"@concat('SELECT * FROM  c where udf.epochToDate(c._ts) between''' ,pipeline().parameters.LastModified_From,''' and ''',pipeline().parameters.LastModified_To,'''')","type":"Expression"},"preferredRegions":[]},"sink":{"type":"JsonSink","storeSettings":{"type":"AzureBlobFSWriteSettings","copyBehavior":"PreserveHierarchy"},"formatSettings":{"type":"JsonWriteSettings","quoteAllText":true,"filePattern":"setOfObjects"}},"enableStaging":false},"inputs":[{"referenceName":"CosmosAccount_CollectionParam","type":"DatasetReference","parameters":{"Collection":"@item().Collection"}}],"outputs":[{"referenceName":"ComosbkpJsonfiles_LoopCollections","type":"DatasetReference","parameters":{"Collection":"@item().Collection"}}]}]}}],"parameters":{"LastModified_From":{"type":"string","defaultValue":"2019-02-01"},"LastModified_To":{"type":"string","defaultValue":"2020-04-16"}},"annotations":[]},"dependsOn":["[concat(variables('factoryId'), '/datasets/Cosmoscontainerlist')]","[concat(variables('factoryId'), '/datasets/CosmosAccount_CollectionParam')]","[concat(variables('factoryId'), '/datasets/ComosbkpJsonfiles_LoopCollections')]"]},{"name":"[concat(parameters('factoryName'), '/Cosmoscontainerlist')]","type":"Microsoft.DataFactory/factories/datasets","apiVersion":"2018-06-01","properties":{"linkedServiceName":{"referenceName":"[parameters('ADLSGen2')]","type":"LinkedServiceReference"},"annotations":[],"type":"DelimitedText","typeProperties":{"location":{"type":"AzureBlobFSLocation","fileName":"CosmosContainer.txt","fileSystem":"2018nyctaxi"},"columnDelimiter":",","escapeChar":"\\","firstRowAsHeader":true,"quoteChar":"\""},"schema":[{"type":"String"}]},"dependsOn":[]},{"name":"[concat(parameters('factoryName'), '/CosmosAccount_CollectionParam')]","type":"Microsoft.DataFactory/factories/datasets","apiVersion":"2018-06-01","properties":{"linkedServiceName":{"referenceName":"[parameters('comsos')]","type":"LinkedServiceReference"},"parameters":{"Collection":{"type":"string"}},"annotations":[],"type":"CosmosDbSqlApiCollection","schema":{},"typeProperties":{"collectionName":{"value":"@string(dataset().Collection)\n","type":"Expression"}}},"dependsOn":[]},{"name":"[concat(parameters('factoryName'), '/ComosbkpJsonfiles_LoopCollections')]","type":"Microsoft.DataFactory/factories/datasets","apiVersion":"2018-06-01","properties":{"linkedServiceName":{"referenceName":"[parameters('ADLSGen2')]","type":"LinkedServiceReference"},"parameters":{"Collection":{"type":"string"}},"annotations":[],"type":"Json","typeProperties":{"location":{"type":"AzureBlobFSLocation","folderPath":{"value":"@concat(formatDateTime(utcnow(),'yyyy/MM/dd'),'/',string(dataset().Collection),'/')","type":"Expression"},"fileSystem":"cosmosbkp"}},"schema":{}},"dependsOn":[]}]}