{"$schema":"http://schema.management.azure.com/schemas/2015-01-01/deploymentTemplate.json#","contentVersion":"1.0.0.0","parameters":{"factoryName":{"type":"string","metadata":"Data Factory name"},"ADLSgen2sourcetestconnection":{"type":"string"},"ADLSGen2":{"type":"string"}},"variables":{"factoryId":"[concat('Microsoft.DataFactory/factories/', parameters('factoryName'))]"},"resources":[{"name":"[concat(parameters('factoryName'), '/Everest_ADLSGen2Backup_all directory_LastModified')]","type":"Microsoft.DataFactory/factories/pipelines","apiVersion":"2018-06-01","properties":{"activities":[{"name":"GetStorageContainers","type":"GetMetadata","dependsOn":[],"policy":{"timeout":"7.00:00:00","retry":0,"retryIntervalInSeconds":30,"secureOutput":false,"secureInput":false},"userProperties":[],"typeProperties":{"dataset":{"referenceName":"Source_AllContainer","type":"DatasetReference","parameters":{}},"fieldList":["childItems"],"storeSettings":{"type":"AzureBlobFSReadSettings","recursive":true},"formatSettings":{"type":"DelimitedTextReadSettings"}}},{"name":"Loop throughContainer","description":"Get the container list from Metadata activity and then iterates each of them to Copy activity.","type":"ForEach","dependsOn":[{"activity":"GetStorageContainers","dependencyConditions":["Succeeded"]}],"userProperties":[],"typeProperties":{"items":{"value":"@activity('GetStorageContainers').output.childItems","type":"Expression"},"batchCount":4,"activities":[{"name":"CopyOneContainer","description":"Copy each container from source storage store to destination store.","type":"Copy","dependsOn":[],"policy":{"timeout":"7.00:00:00","retry":0,"retryIntervalInSeconds":30,"secureOutput":false,"secureInput":false},"userProperties":[],"typeProperties":{"source":{"type":"BinarySource","storeSettings":{"type":"AzureBlobFSReadSettings","recursive":true,"modifiedDatetimeStart":{"value":"@{pipeline().parameters.LastModified_From}","type":"Expression"},"modifiedDatetimeEnd":{"value":"@{pipeline().parameters.LastModified_To}","type":"Expression"}}},"sink":{"type":"BinarySink","storeSettings":{"type":"AzureBlobFSWriteSettings","copyBehavior":"PreserveHierarchy"}},"enableStaging":false},"inputs":[{"referenceName":"ADLSSourceContainers","type":"DatasetReference","parameters":{"container":{"value":"@item().name","type":"Expression"}}}],"outputs":[{"referenceName":"ADLSSinkContainer","type":"DatasetReference","parameters":{"container":{"value":"@item().name","type":"Expression"}}}]}]}}],"parameters":{"LastModified_From":{"type":"string","defaultValue":"2019-02-01T00:00:00Z"},"LastModified_To":{"type":"string","defaultValue":"2020-05-05T00:00:00Z"}},"annotations":[]},"dependsOn":["[concat(variables('factoryId'), '/datasets/Source_AllContainer')]","[concat(variables('factoryId'), '/datasets/ADLSSourceContainers')]","[concat(variables('factoryId'), '/datasets/ADLSSinkContainer')]"]},{"name":"[concat(parameters('factoryName'), '/Source_AllContainer')]","type":"Microsoft.DataFactory/factories/datasets","apiVersion":"2018-06-01","properties":{"linkedServiceName":{"referenceName":"[parameters('ADLSgen2sourcetestconnection')]","type":"LinkedServiceReference"},"annotations":[],"type":"DelimitedText","typeProperties":{"location":{"type":"AzureBlobFSLocation"},"columnDelimiter":",","escapeChar":"\\","quoteChar":"\""},"schema":[]},"dependsOn":[]},{"name":"[concat(parameters('factoryName'), '/ADLSSourceContainers')]","type":"Microsoft.DataFactory/factories/datasets","apiVersion":"2018-06-01","properties":{"description":"Connection to your source data store.","linkedServiceName":{"referenceName":"[parameters('ADLSgen2sourcetestconnection')]","type":"LinkedServiceReference"},"parameters":{"container":{"type":"string"}},"annotations":[],"type":"Binary","typeProperties":{"location":{"type":"AzureBlobFSLocation","fileSystem":{"value":"@string(dataset().container)","type":"Expression"}}}},"dependsOn":[]},{"name":"[concat(parameters('factoryName'), '/ADLSSinkContainer')]","type":"Microsoft.DataFactory/factories/datasets","apiVersion":"2018-06-01","properties":{"description":"Connection to your destination data store.","linkedServiceName":{"referenceName":"[parameters('ADLSGen2')]","type":"LinkedServiceReference"},"parameters":{"container":{"type":"string"}},"annotations":[],"type":"Binary","typeProperties":{"location":{"type":"AzureBlobFSLocation","fileSystem":{"value":"@string(dataset().container)","type":"Expression"}}}},"dependsOn":[]}]}