{"$schema":"http://schema.management.azure.com/schemas/2015-01-01/deploymentTemplate.json#","contentVersion":"1.0.0.0","parameters":{"factoryName":{"type":"string","metadata":"Data Factory name"},"storageblobsource":{"type":"string"},"Storageblobsink":{"type":"string"}},"variables":{"factoryId":"[concat('Microsoft.DataFactory/factories/', parameters('factoryName'))]"},"resources":[{"name":"[concat(parameters('factoryName'), '/Everest_BlobFullBackup_all')]","type":"Microsoft.DataFactory/factories/pipelines","apiVersion":"2018-06-01","properties":{"activities":[{"name":"GetStorageContainers","type":"GetMetadata","dependsOn":[],"policy":{"timeout":"7.00:00:00","retry":0,"retryIntervalInSeconds":30,"secureOutput":false,"secureInput":false},"userProperties":[],"typeProperties":{"dataset":{"referenceName":"Source_AllContainerblob","type":"DatasetReference","parameters":{}},"fieldList":["childItems"],"storeSettings":{"type":"AzureBlobStorageReadSettings","recursive":true},"formatSettings":{"type":"DelimitedTextReadSettings"}}},{"name":"Loop throughContainer","description":"Get the container list from Metadata activity and then iterates each of them to Copy activity.","type":"ForEach","dependsOn":[{"activity":"GetStorageContainers","dependencyConditions":["Succeeded"]}],"userProperties":[],"typeProperties":{"items":{"value":"@activity('GetStorageContainers').output.childItems","type":"Expression"},"batchCount":4,"activities":[{"name":"CopyOneContainer","description":"Copy each container from source storage store to destination store.","type":"Copy","dependsOn":[],"policy":{"timeout":"7.00:00:00","retry":0,"retryIntervalInSeconds":30,"secureOutput":false,"secureInput":false},"userProperties":[],"typeProperties":{"source":{"type":"DelimitedTextSource","storeSettings":{"type":"AzureBlobStorageReadSettings","recursive":true},"formatSettings":{"type":"DelimitedTextReadSettings"}},"sink":{"type":"BinarySink","storeSettings":{"type":"AzureBlobStorageWriteSettings"}},"enableStaging":false},"inputs":[{"referenceName":"Sourceblob","type":"DatasetReference","parameters":{"container":"@item().name"}}],"outputs":[{"referenceName":"BlobSink","type":"DatasetReference","parameters":{"container":{"value":"@item().name","type":"Expression"}}}]}]}}],"annotations":[]},"dependsOn":["[concat(variables('factoryId'), '/datasets/Source_AllContainerblob')]","[concat(variables('factoryId'), '/datasets/Sourceblob')]","[concat(variables('factoryId'), '/datasets/BlobSink')]"]},{"name":"[concat(parameters('factoryName'), '/Source_AllContainerblob')]","type":"Microsoft.DataFactory/factories/datasets","apiVersion":"2018-06-01","properties":{"linkedServiceName":{"referenceName":"[parameters('storageblobsource')]","type":"LinkedServiceReference"},"annotations":[],"type":"DelimitedText","typeProperties":{"location":{"type":"AzureBlobStorageLocation"},"columnDelimiter":",","escapeChar":"\\","quoteChar":"\""},"schema":[]},"dependsOn":[]},{"name":"[concat(parameters('factoryName'), '/Sourceblob')]","type":"Microsoft.DataFactory/factories/datasets","apiVersion":"2018-06-01","properties":{"linkedServiceName":{"referenceName":"[parameters('storageblobsource')]","type":"LinkedServiceReference"},"parameters":{"container":{"type":"string"}},"annotations":[],"type":"Binary","typeProperties":{"location":{"type":"AzureBlobStorageLocation","container":{"value":"@string(dataset().container)","type":"Expression"}},"columnDelimiter":"","escapeChar":"\\","quoteChar":"\""},"schema":[]},"dependsOn":[]},{"name":"[concat(parameters('factoryName'), '/BlobSink')]","type":"Microsoft.DataFactory/factories/datasets","apiVersion":"2018-06-01","properties":{"description":"Connection to your destination data store.","linkedServiceName":{"referenceName":"[parameters('Storageblobsink')]","type":"LinkedServiceReference"},"parameters":{"container":{"type":"string"}},"annotations":[],"type":"Binary","typeProperties":{"location":{"type":"AzureBlobStorageLocation","container":{"value":"@string(dataset().container)","type":"Expression"}}}},"dependsOn":[]}]}