{"$schema":"http://schema.management.azure.com/schemas/2015-01-01/deploymentTemplate.json#","contentVersion":"1.0.0.0","parameters":{"factoryName":{"type":"string","metadata":"Data Factory name"},"Azurefilestorage":{"type":"string"},"AzureFileStorageSink":{"type":"string"}},"variables":{"factoryId":"[concat('Microsoft.DataFactory/factories/', parameters('factoryName'))]"},"resources":[{"name":"[concat(parameters('factoryName'), '/Everest_FilestorageFullBackup_all')]","type":"Microsoft.DataFactory/factories/pipelines","apiVersion":"2018-06-01","properties":{"activities":[{"name":"GetStorageContainers","type":"GetMetadata","dependsOn":[],"policy":{"timeout":"7.00:00:00","retry":0,"retryIntervalInSeconds":30,"secureOutput":false,"secureInput":false},"userProperties":[],"typeProperties":{"dataset":{"referenceName":"Source_AllContainerblobsFilestorage","type":"DatasetReference","parameters":{}},"fieldList":["childItems"],"storeSettings":{"type":"AzureFileStorageReadSettings","recursive":true}}},{"name":"Loop throughContainer","description":"Get the container list from Metadata activity and then iterates each of them to Copy activity.","type":"ForEach","dependsOn":[{"activity":"GetStorageContainers","dependencyConditions":["Succeeded"]}],"userProperties":[],"typeProperties":{"items":{"value":"@activity('GetStorageContainers').output.childItems","type":"Expression"},"batchCount":4,"activities":[{"name":"CopyOneContainer","description":"Copy each container from source storage store to destination store.","type":"Copy","dependsOn":[],"policy":{"timeout":"7.00:00:00","retry":0,"retryIntervalInSeconds":30,"secureOutput":false,"secureInput":false},"userProperties":[],"typeProperties":{"source":{"type":"BinarySource","storeSettings":{"type":"AzureFileStorageReadSettings","recursive":true}},"sink":{"type":"BinarySink","storeSettings":{"type":"AzureFileStorageWriteSettings"}},"enableStaging":false},"inputs":[{"referenceName":"SourceFilestorage","type":"DatasetReference","parameters":{"container":"@item().name"}}],"outputs":[{"referenceName":"Azurefilesink","type":"DatasetReference","parameters":{"container":{"value":"@item().name","type":"Expression"}}}]}]}}],"annotations":[]},"dependsOn":["[concat(variables('factoryId'), '/datasets/Source_AllContainerblobsFilestorage')]","[concat(variables('factoryId'), '/datasets/SourceFilestorage')]","[concat(variables('factoryId'), '/datasets/Azurefilesink')]"]},{"name":"[concat(parameters('factoryName'), '/Source_AllContainerblobsFilestorage')]","type":"Microsoft.DataFactory/factories/datasets","apiVersion":"2018-06-01","properties":{"linkedServiceName":{"referenceName":"[parameters('Azurefilestorage')]","type":"LinkedServiceReference"},"annotations":[],"type":"Binary","typeProperties":{"location":{"type":"AzureFileStorageLocation"},"columnDelimiter":",","escapeChar":"\\","quoteChar":"\""},"schema":[]},"dependsOn":[]},{"name":"[concat(parameters('factoryName'), '/SourceFilestorage')]","type":"Microsoft.DataFactory/factories/datasets","apiVersion":"2018-06-01","properties":{"linkedServiceName":{"referenceName":"[parameters('Azurefilestorage')]","type":"LinkedServiceReference"},"parameters":{"container":{"type":"string"}},"annotations":[],"type":"Binary","typeProperties":{"location":{"type":"AzureFileStorageLocation","folderPath":{"value":"@string(dataset().container)","type":"Expression"}},"columnDelimiter":"","escapeChar":"\\","quoteChar":"\""},"schema":[]},"dependsOn":[]},{"name":"[concat(parameters('factoryName'), '/Azurefilesink')]","type":"Microsoft.DataFactory/factories/datasets","apiVersion":"2018-06-01","properties":{"description":"Connection to your destination data store.","linkedServiceName":{"referenceName":"[parameters('AzureFileStorageSink')]","type":"LinkedServiceReference"},"parameters":{"container":{"type":"string"}},"annotations":[],"type":"Binary","typeProperties":{"location":{"type":"AzureFileStorageLocation","folderPath":{"value":"@string(dataset().container)","type":"Expression"}}}},"dependsOn":[]}]}