{"$schema":"http://schema.management.azure.com/schemas/2015-01-01/deploymentTemplate.json#","contentVersion":"1.0.0.0","parameters":{"factoryName":{"type":"string","metadata":"Data Factory name"},"AzureBlobStorage_Fileshare":{"type":"string"},"comsos":{"type":"string"}},"variables":{"factoryId":"[concat('Microsoft.DataFactory/factories/', parameters('factoryName'))]"},"resources":[{"name":"[concat(parameters('factoryName'), '/Everest_cosmosdb_Restore')]","type":"Microsoft.DataFactory/factories/pipelines","apiVersion":"2018-06-01","properties":{"activities":[{"name":"Restorebkp","type":"Copy","dependsOn":[],"policy":{"timeout":"7.00:00:00","retry":0,"retryIntervalInSeconds":30,"secureOutput":false,"secureInput":false},"userProperties":[],"typeProperties":{"source":{"type":"JsonSource","storeSettings":{"type":"AzureBlobStorageReadSettings","recursive":true}},"sink":{"type":"CosmosDbSqlApiSink","writeBehavior":"insert"},"enableStaging":false},"inputs":[{"referenceName":"cosmosbkp","type":"DatasetReference","parameters":{}}],"outputs":[{"referenceName":"Cosmossecondcopy","type":"DatasetReference","parameters":{}}]}],"annotations":[]},"dependsOn":["[concat(variables('factoryId'), '/datasets/cosmosbkp')]","[concat(variables('factoryId'), '/datasets/Cosmossecondcopy')]"]},{"name":"[concat(parameters('factoryName'), '/cosmosbkp')]","type":"Microsoft.DataFactory/factories/datasets","apiVersion":"2018-06-01","properties":{"linkedServiceName":{"referenceName":"[parameters('AzureBlobStorage_Fileshare')]","type":"LinkedServiceReference"},"annotations":[],"type":"Json","typeProperties":{"location":{"type":"AzureBlobStorageLocation","fileName":"Archive","container":"adftest"}},"schema":{}},"dependsOn":[]},{"name":"[concat(parameters('factoryName'), '/Cosmossecondcopy')]","type":"Microsoft.DataFactory/factories/datasets","apiVersion":"2018-06-01","properties":{"linkedServiceName":{"referenceName":"[parameters('comsos')]","type":"LinkedServiceReference"},"annotations":[],"type":"CosmosDbSqlApiCollection","schema":{},"typeProperties":{"collectionName":"Secondcontainer"}},"dependsOn":[]}]}