{"$schema":"http://schema.management.azure.com/schemas/2015-01-01/deploymentTemplate.json#","contentVersion":"1.0.0.0","parameters":{"factoryName":{"type":"string","metadata":"Data Factory name"},"comsos":{"type":"string"},"ADLSGen2":{"type":"string"}},"variables":{"factoryId":"[concat('Microsoft.DataFactory/factories/', parameters('factoryName'))]"},"resources":[{"name":"[concat(parameters('factoryName'), '/Everest_cosmosdbBackup')]","type":"Microsoft.DataFactory/factories/pipelines","apiVersion":"2018-06-01","properties":{"activities":[{"name":"CosmoDBbackup_Full","type":"Copy","dependsOn":[],"policy":{"timeout":"7.00:00:00","retry":0,"retryIntervalInSeconds":30,"secureOutput":false,"secureInput":false},"userProperties":[],"typeProperties":{"source":{"type":"CosmosDbSqlApiSource","preferredRegions":[]},"sink":{"type":"JsonSink","storeSettings":{"type":"AzureBlobFSWriteSettings","copyBehavior":"PreserveHierarchy"},"formatSettings":{"type":"JsonWriteSettings","quoteAllText":true,"filePattern":"setOfObjects"}},"enableStaging":false},"inputs":[{"referenceName":"Mycosmos","type":"DatasetReference","parameters":{}}],"outputs":[{"referenceName":"ComosbkpJsonfiles","type":"DatasetReference","parameters":{}}]}],"annotations":[]},"dependsOn":["[concat(variables('factoryId'), '/datasets/Mycosmos')]","[concat(variables('factoryId'), '/datasets/ComosbkpJsonfiles')]"]},{"name":"[concat(parameters('factoryName'), '/Mycosmos')]","type":"Microsoft.DataFactory/factories/datasets","apiVersion":"2018-06-01","properties":{"linkedServiceName":{"referenceName":"[parameters('comsos')]","type":"LinkedServiceReference"},"annotations":[],"type":"CosmosDbSqlApiCollection","schema":{},"typeProperties":{"collectionName":"mycontainer"}},"dependsOn":[]},{"name":"[concat(parameters('factoryName'), '/ComosbkpJsonfiles')]","type":"Microsoft.DataFactory/factories/datasets","apiVersion":"2018-06-01","properties":{"linkedServiceName":{"referenceName":"[parameters('ADLSGen2')]","type":"LinkedServiceReference"},"annotations":[],"type":"Json","typeProperties":{"location":{"type":"AzureBlobFSLocation","folderPath":{"value":"@concat(formatDateTime(utcnow(),'yyyy/MM/dd'),'/')","type":"Expression"},"fileSystem":"cosmosbkp"}},"schema":{}},"dependsOn":[]}]}